date,mktrf,smb,hml,rmw,cma,rf,umd
02/01/2018,0.008500,0.003000,-0.002100,-0.004900,0.003200,0.00006,-0.006400
03/01/2018,0.005900,-0.004700,-0.001900,-0.007000,-0.000600,0.00006,0.002200
04/01/2018,0.004200,-0.002200,0.002500,-0.000100,0.003100,0.00006,-0.002000
05/01/2018,0.006600,-0.003700,-0.002500,0.003700,-0.003700,0.00006,0.006000
08/01/2018,0.001900,-0.001900,0.000400,-0.000700,0.000100,0.00006,0.001500
09/01/2018,0.001500,-0.003900,-0.000400,-0.001200,0.000300,0.00006,0.005100
10/01/2018,-0.000700,0.001300,0.005600,-0.003200,0.000200,0.00006,-0.002000
11/01/2018,0.008700,0.011200,0.003000,-0.002100,0.005800,0.00006,-0.002900
12/01/2018,0.006600,-0.003300,0.001600,-0.001000,0.001800,0.00006,0.000000
16/01/2018,-0.004900,-0.009900,0.000100,0.004400,-0.004000,0.00006,-0.001800
17/01/2018,0.009500,-0.000500,-0.001000,-0.000900,-0.000900,0.00006,0.009900
18/01/2018,-0.001800,-0.004300,-0.002500,0.002900,-0.003800,0.00006,0.004300
19/01/2018,0.005700,0.009300,-0.000500,0.000700,0.001100,0.00006,0.005600
22/01/2018,0.007700,-0.003500,-0.001600,-0.005400,0.002200,0.00006,-0.003100
23/01/2018,0.002200,0.000700,-0.003600,-0.003800,-0.002600,0.00006,0.000200
24/01/2018,-0.001300,-0.007500,0.004400,-0.000100,0.001000,0.00006,-0.001900
25/01/2018,0.000700,0.001100,-0.005400,0.001900,-0.001900,0.00006,0.006300
26/01/2018,0.011100,-0.006100,-0.005100,0.002900,-0.001600,0.00006,0.005900
29/01/2018,-0.006200,-0.000200,-0.002800,0.001600,-0.004000,0.00006,-0.001200
30/01/2018,-0.010600,0.001200,-0.002100,0.003800,-0.004200,0.00006,0.003200
31/01/2018,-0.000700,-0.006700,0.001100,0.001000,-0.000300,0.00006,0.002900
01/02/2018,0.000300,0.001200,0.005300,-0.005300,0.000000,0.00006,-0.001800
02/02/2018,-0.021300,0.000100,-0.002900,0.006100,-0.005100,0.00006,0.001500
05/02/2018,-0.040300,0.006500,-0.005800,0.001700,-0.000800,0.00006,-0.002300
06/02/2018,0.016700,-0.004800,-0.001800,0.000500,-0.000200,0.00006,0.007700
07/02/2018,-0.003800,0.006000,0.002000,0.003400,0.002200,0.00006,0.001500
08/02/2018,-0.036800,0.008000,0.005100,0.004000,-0.000400,0.00006,-0.011500
09/02/2018,0.013600,-0.005500,0.001500,0.001700,-0.003200,0.00006,0.005800
12/02/2018,0.013600,-0.004700,-0.003000,-0.002300,-0.000900,0.00006,0.005200
13/02/2018,0.003100,0.001300,-0.002400,0.002100,-0.001000,0.00006,0.006200
14/02/2018,0.015200,0.002800,0.004800,-0.006600,-0.000400,0.00006,0.002100
15/02/2018,0.012100,-0.001700,-0.006300,0.002000,-0.003400,0.00006,0.002900
16/02/2018,0.000300,0.003700,0.001600,0.000300,0.000500,0.00006,-0.001600
20/02/2018,-0.006200,-0.003500,-0.002400,-0.002600,-0.001400,0.00006,0.003000
21/02/2018,-0.004300,0.008000,0.002300,0.000700,-0.001900,0.00006,0.007900
22/02/2018,0.000100,-0.000500,-0.004100,0.001400,0.004800,0.00006,0.001900
23/02/2018,0.015400,-0.003800,-0.001500,-0.001700,-0.000700,0.00006,0.000400
26/02/2018,0.011200,-0.004800,-0.000700,-0.001600,-0.002300,0.00006,0.001100
27/02/2018,-0.012500,-0.001900,0.000300,-0.000900,-0.000600,0.00006,0.002600
28/02/2018,-0.011000,-0.004400,-0.003200,0.002100,-0.002700,0.00006,0.005200
01/03/2018,-0.011900,0.009700,-0.000200,-0.002400,0.000600,0.00005,-0.008200
02/03/2018,0.007000,0.011100,-0.004900,-0.004100,-0.003400,0.00005,-0.001800
05/03/2018,0.010600,-0.004100,0.002300,-0.005900,0.000900,0.00005,-0.004100
06/03/2018,0.003600,0.006900,0.001200,0.002200,-0.000200,0.00005,0.003800
07/03/2018,0.000500,0.007500,-0.004400,-0.000400,-0.003100,0.00005,0.007900
08/03/2018,0.003700,-0.005800,-0.003600,0.000100,-0.001800,0.00005,-0.001000
09/03/2018,0.017000,-0.002000,0.002800,-0.002500,0.000100,0.00005,0.006300
12/03/2018,-0.000900,0.004400,-0.000800,-0.003400,-0.002300,0.00005,-0.005300
13/03/2018,-0.006700,0.001000,0.000300,0.004800,0.000000,0.00005,-0.000600
14/03/2018,-0.005300,0.001500,-0.005700,-0.001100,-0.003900,0.00005,0.003300
15/03/2018,-0.001800,-0.003900,0.003100,0.001400,-0.001200,0.00005,0.002700
16/03/2018,0.002500,0.004700,0.001700,0.000600,0.002800,0.00005,-0.004400
19/03/2018,-0.013800,0.004100,0.004100,0.003200,0.001000,0.00005,0.004500
20/03/2018,0.001500,-0.001300,-0.003600,-0.000200,-0.000700,0.00005,0.012900
21/03/2018,-0.000600,0.006800,0.004400,-0.010800,0.008700,0.00005,-0.003000
22/03/2018,-0.025400,0.004000,-0.004900,0.002100,0.000100,0.00005,-0.009700
23/03/2018,-0.020900,0.000900,-0.002300,0.001300,0.007700,0.00005,-0.003300
26/03/2018,0.026700,-0.006200,0.000300,0.000000,-0.006100,0.00005,0.013000
27/03/2018,-0.018700,-0.002200,0.003700,0.007800,0.005400,0.00005,-0.018300
28/03/2018,-0.003500,0.002000,0.006400,0.007500,-0.000900,0.00005,-0.011900
29/03/2018,0.014100,-0.003100,-0.002200,-0.003700,-0.001600,0.00005,0.006000
02/04/2018,-0.022900,-0.000800,0.003700,0.001600,-0.000600,0.00007,-0.001700
03/04/2018,0.012400,-0.000200,0.001900,0.002500,0.001800,0.00007,-0.001600
04/04/2018,0.011700,0.003400,-0.003100,0.000600,-0.001300,0.00007,0.000800
05/04/2018,0.007500,0.000500,0.004700,0.001100,0.002800,0.00007,-0.003800
06/04/2018,-0.021900,0.003700,-0.000600,0.001300,-0.000500,0.00007,-0.005900
09/04/2018,0.003000,-0.002400,-0.005200,-0.007500,-0.002800,0.00007,0.006000
10/04/2018,0.017700,0.003300,-0.001200,-0.008400,0.005500,0.00007,0.003900
11/04/2018,-0.004900,0.007900,-0.003100,-0.006100,0.003000,0.00007,-0.005300
12/04/2018,0.008400,-0.001700,0.001800,-0.002100,0.000800,0.00007,0.012600
13/04/2018,-0.003700,-0.001100,-0.002500,-0.000700,0.002000,0.00007,-0.008000
16/04/2018,0.008200,0.001500,-0.000200,0.008000,0.000300,0.00007,-0.000200
17/04/2018,0.010900,0.000100,-0.011800,-0.002400,-0.004100,0.00007,0.010800
18/04/2018,0.001300,0.002000,0.000200,-0.002800,0.004900,0.00007,0.000400
19/04/2018,-0.004900,-0.003100,0.010800,-0.004800,0.000600,0.00007,0.006400
20/04/2018,-0.008100,0.001000,0.005800,-0.005400,0.002800,0.00007,0.000500
23/04/2018,-0.000500,-0.000700,0.001900,0.003000,0.001000,0.00007,-0.002900
24/04/2018,-0.013000,0.006500,0.010200,0.000500,0.000900,0.00007,-0.010300
25/04/2018,0.001000,-0.002800,0.000600,0.004100,0.001200,0.00007,-0.005600
26/04/2018,0.009600,-0.005400,-0.008400,-0.005300,-0.004200,0.00007,0.009900
27/04/2018,0.000100,-0.002600,0.000400,0.006100,0.000900,0.00007,0.002900
30/04/2018,-0.008000,-0.000600,-0.000900,-0.004100,-0.000600,0.00007,0.002300
01/05/2018,0.002400,0.002500,-0.005300,-0.000500,-0.009500,0.00006,0.004300
02/05/2018,-0.006300,0.012500,-0.003600,0.000400,0.000200,0.00006,0.004000
03/05/2018,-0.002500,-0.006100,-0.001500,0.000500,-0.001200,0.00006,0.009000
04/05/2018,0.013000,-0.000200,-0.002000,-0.004200,0.000000,0.00006,-0.004000
07/05/2018,0.004200,0.003800,-0.003300,-0.005300,-0.002200,0.00006,0.003800
08/05/2018,0.000700,0.005100,0.002400,-0.002500,0.000800,0.00006,0.004800
09/05/2018,0.008900,-0.002900,0.002500,-0.008800,0.001300,0.00006,0.002200
10/05/2018,0.008500,-0.003700,-0.000400,0.002300,-0.003300,0.00006,-0.001600
11/05/2018,0.001900,0.001400,-0.003800,0.002500,0.001100,0.00006,0.001400
14/05/2018,0.000500,-0.003000,0.001100,-0.002000,0.004900,0.00006,-0.003600
15/05/2018,-0.005500,0.007100,0.004000,-0.000700,0.003700,0.00006,-0.000900
16/05/2018,0.004900,0.006900,-0.002500,0.003600,0.000700,0.00006,-0.000200
17/05/2018,0.000200,0.008600,0.002900,-0.003500,0.004300,0.00006,0.002000
18/05/2018,-0.002300,0.004500,-0.006100,0.001200,-0.001800,0.00006,0.006300
21/05/2018,0.007200,-0.001800,0.004400,0.001700,0.001100,0.00006,0.002400
22/05/2018,-0.004200,-0.006500,0.006100,-0.003300,-0.004100,0.00006,-0.002500
23/05/2018,0.002900,-0.000600,-0.007000,0.000000,-0.003300,0.00006,0.004100
24/05/2018,-0.001600,0.003400,-0.003500,0.005000,0.001100,0.00006,0.001400
25/05/2018,-0.002100,0.002400,-0.003900,0.005500,-0.005800,0.00006,-0.005700
29/05/2018,-0.010400,0.011100,-0.010300,0.001900,-0.000100,0.00006,-0.000900
30/05/2018,0.013100,0.000400,0.003700,-0.007100,0.001700,0.00006,0.002600
31/05/2018,-0.007000,0.000500,-0.004200,-0.005000,-0.001100,0.00006,0.003900
01/06/2018,0.010600,-0.002100,-0.001100,-0.000600,-0.001700,0.00006,0.006400
04/06/2018,0.004800,0.001800,-0.004500,0.010300,-0.004200,0.00006,0.001400
05/06/2018,0.001700,0.007800,-0.004400,0.002200,0.001600,0.00006,0.003600
06/06/2018,0.008600,-0.002800,0.002000,-0.000200,0.001700,0.00006,0.000300
07/06/2018,-0.001400,-0.002600,0.009300,0.001700,0.005900,0.00006,-0.009100
08/06/2018,0.003100,0.000400,-0.004000,0.002400,-0.001900,0.00006,-0.001100
11/06/2018,0.001200,0.001500,-0.001700,0.002100,0.002400,0.00006,-0.006200
12/06/2018,0.002300,0.001800,-0.006300,0.000800,-0.001400,0.00006,0.001300
13/06/2018,-0.003300,0.000300,-0.002000,-0.005400,-0.001900,0.00006,0.002400
14/06/2018,0.002700,0.002000,-0.010000,-0.000300,-0.006100,0.00006,-0.002300
15/06/2018,-0.000800,0.001200,-0.002400,0.006500,-0.002200,0.00006,-0.008900
18/06/2018,-0.000900,0.007400,0.000800,-0.004100,0.000900,0.00006,0.007300
19/06/2018,-0.003800,0.005400,-0.001400,-0.002300,-0.004600,0.00006,-0.006600
20/06/2018,0.002300,0.006600,-0.005100,-0.001500,0.001000,0.00006,0.003200
21/06/2018,-0.007300,-0.005500,0.003300,0.004500,0.000000,0.00006,-0.003400
22/06/2018,0.001100,-0.000800,0.004600,-0.005300,0.009200,0.00006,-0.006300
25/06/2018,-0.014800,-0.004500,0.005700,0.006200,-0.000200,0.00006,-0.011300
26/06/2018,0.002700,0.005100,-0.002400,-0.004800,0.001300,0.00006,0.004400
27/06/2018,-0.010200,-0.010000,0.003600,-0.000600,0.004700,0.00006,-0.003400
28/06/2018,0.005800,-0.002100,-0.005100,-0.001700,-0.005100,0.00006,0.004800
29/06/2018,0.000700,-0.002400,-0.002400,-0.002400,-0.000100,0.00006,-0.000200
02/07/2018,0.003600,0.004500,-0.002500,-0.000800,-0.005500,0.00008,0.005700
03/07/2018,-0.004400,0.007600,-0.000200,-0.002900,0.004500,0.00008,-0.006400
05/07/2018,0.008700,0.003900,-0.004300,0.003400,-0.001700,0.00008,-0.003200
06/07/2018,0.008800,-0.000200,-0.003000,-0.002500,-0.001400,0.00008,0.000900
09/07/2018,0.009300,-0.002900,0.008600,0.000300,-0.002200,0.00008,0.004900
10/07/2018,0.002100,-0.008200,-0.001700,0.001000,0.002700,0.00008,-0.002100
11/07/2018,-0.006900,-0.000600,-0.004500,-0.001200,-0.003000,0.00008,0.000200
12/07/2018,0.008600,-0.004400,-0.011400,-0.000400,-0.004700,0.00008,0.005400
13/07/2018,0.000800,-0.001800,-0.002900,0.003400,0.001900,0.00008,0.002000
16/07/2018,-0.001600,-0.006100,0.009800,-0.002000,-0.001400,0.00008,0.003900
17/07/2018,0.004800,0.001700,-0.007500,0.001200,-0.002400,0.00008,0.004000
18/07/2018,0.002700,-0.001400,0.006700,-0.001500,-0.001700,0.00008,0.003800
19/07/2018,-0.003400,0.009100,-0.003600,0.001600,0.000400,0.00008,-0.000800
20/07/2018,-0.001000,-0.001700,0.001300,0.001000,-0.002200,0.00008,0.002600
23/07/2018,0.001500,-0.002000,0.005500,-0.002200,-0.001800,0.00008,0.003800
24/07/2018,0.002200,-0.013200,0.003900,0.004900,0.001000,0.00008,-0.003700
25/07/2018,0.008300,-0.005900,-0.010600,0.000800,-0.003700,0.00008,0.011100
26/07/2018,-0.002000,0.007600,0.005700,-0.000400,0.005900,0.00008,-0.009900
27/07/2018,-0.008200,-0.012100,0.010700,0.005200,0.004800,0.00008,-0.013300
30/07/2018,-0.007000,0.000200,0.015600,0.003200,0.010100,0.00008,-0.014200
31/07/2018,0.005100,0.007300,-0.011100,0.002800,0.002500,0.00008,0.000800
01/08/2018,-0.001300,-0.000200,-0.001800,-0.001800,-0.008000,0.00007,0.011000
02/08/2018,0.006700,0.001700,-0.006700,0.000000,-0.005900,0.00007,0.008300
03/08/2018,0.003100,-0.009200,0.005200,0.006300,0.003500,0.00007,-0.008100
06/08/2018,0.004600,0.002200,-0.003300,-0.003100,-0.002100,0.00007,0.003700
07/08/2018,0.002900,-0.000200,-0.001700,-0.003100,-0.001500,0.00007,0.003100
08/08/2018,-0.000400,-0.001100,0.002600,-0.000200,-0.000700,0.00007,0.003500
09/08/2018,-0.000500,0.003400,-0.003600,0.000300,-0.002500,0.00007,0.000900
10/08/2018,-0.006000,0.003100,-0.002100,-0.002600,0.002100,0.00007,0.007100
13/08/2018,-0.004600,-0.002100,-0.003000,0.003000,0.000200,0.00007,-0.000300
14/08/2018,0.006900,0.003100,0.002100,0.003500,0.001800,0.00007,0.003700
15/08/2018,-0.009100,-0.005200,-0.001200,0.006300,-0.001100,0.00007,-0.011100
16/08/2018,0.008600,-0.000400,0.002600,-0.000800,0.004000,0.00007,-0.003700
17/08/2018,0.003000,0.001300,0.000200,0.002200,0.002000,0.00007,-0.003400
20/08/2018,0.002500,0.001500,0.001400,0.001100,0.001300,0.00007,0.001500
21/08/2018,0.003300,0.009200,0.001200,-0.002200,-0.002300,0.00007,0.001600
22/08/2018,0.000500,0.002800,-0.003500,-0.005000,-0.002700,0.00007,0.009700
23/08/2018,-0.001900,-0.001000,-0.003300,0.000000,-0.001800,0.00007,0.006300
24/08/2018,0.006200,-0.000800,-0.005800,-0.003000,-0.001900,0.00007,0.003100
27/08/2018,0.007400,-0.006200,-0.001600,-0.002100,-0.003600,0.00007,0.000300
28/08/2018,-0.000100,-0.001200,-0.002800,0.001100,-0.000500,0.00007,0.002000
29/08/2018,0.005600,-0.001400,-0.005800,-0.001500,-0.002800,0.00007,0.004400
30/08/2018,-0.004100,0.002300,-0.004200,-0.002200,-0.001300,0.00007,0.003000
31/08/2018,0.000800,0.004500,-0.003900,0.001500,-0.001300,0.00007,0.003000
04/09/2018,-0.001100,-0.003300,0.000100,-0.000500,-0.001500,0.00008,0.007400
05/09/2018,-0.004100,-0.000400,0.006600,0.004600,0.005900,0.00008,-0.014800
06/09/2018,-0.004400,-0.003600,-0.002400,0.004300,0.003300,0.00008,0.000100
07/09/2018,-0.001800,0.000700,-0.002100,0.000300,0.000500,0.00008,-0.001800
10/09/2018,0.002300,0.000800,-0.003700,0.000700,-0.002500,0.00008,0.000700
11/09/2018,0.003700,-0.003400,-0.002400,-0.001300,-0.003900,0.00008,0.008000
12/09/2018,0.000300,-0.001200,-0.002200,0.000500,0.005400,0.00008,-0.008600
13/09/2018,0.004500,-0.004900,-0.004000,0.000400,-0.000400,0.00008,0.002000
14/09/2018,0.001200,0.003200,0.002500,-0.001100,-0.000500,0.00008,-0.001500
17/09/2018,-0.007100,-0.003500,0.008400,0.003200,0.007400,0.00008,-0.013300
18/09/2018,0.005700,0.000300,-0.004900,-0.002400,-0.002200,0.00008,0.003700
19/09/2018,0.000600,-0.005000,0.012800,-0.004500,-0.000100,0.00008,-0.011100
20/09/2018,0.007700,0.002900,-0.002200,0.000700,-0.000900,0.00008,-0.001900
21/09/2018,-0.001300,-0.004200,0.003000,0.002600,0.006500,0.00008,-0.003200
24/09/2018,-0.003100,-0.000500,-0.009100,-0.004800,-0.002900,0.00008,0.013700
25/09/2018,-0.000500,0.002000,-0.003800,-0.003400,-0.000700,0.00008,0.012600
26/09/2018,-0.004000,-0.004800,-0.006300,0.004800,0.001100,0.00008,0.001200
27/09/2018,0.002700,-0.003400,-0.005500,0.001100,-0.003300,0.00008,0.002300
28/09/2018,-0.000300,0.003400,-0.002000,0.001100,0.001900,0.00008,0.002800
01/10/2018,0.001600,-0.016200,0.003400,-0.001200,0.000400,0.00008,-0.001400
02/10/2018,-0.002100,-0.009400,0.006000,0.001300,0.003600,0.00008,-0.011000
03/10/2018,0.002000,0.008900,0.005000,-0.003600,-0.002100,0.00008,0.001400
04/10/2018,-0.009300,-0.008000,0.015800,0.001300,0.007700,0.00008,-0.008300
05/10/2018,-0.006400,-0.004100,0.003900,-0.003800,0.004200,0.00008,0.000700
08/10/2018,-0.001700,-0.002400,0.012200,0.005200,0.006400,0.00008,-0.012500
09/10/2018,-0.001800,-0.004100,0.002800,-0.005100,0.002100,0.00008,0.004500
10/10/2018,-0.033300,0.004100,0.011200,0.002100,0.007900,0.00008,-0.016200
11/10/2018,-0.019600,0.003700,-0.009100,0.004300,-0.005500,0.00008,0.004400
12/10/2018,0.013800,-0.011100,-0.017400,0.000700,-0.004300,0.00008,0.017700
15/10/2018,-0.004800,0.010000,0.005100,0.003700,0.004900,0.00008,-0.009700
16/10/2018,0.022400,0.005600,-0.014300,-0.002400,-0.006900,0.00008,0.010000
17/10/2018,-0.000800,-0.006100,0.002600,-0.002500,0.001700,0.00008,-0.001900
18/10/2018,-0.015400,-0.005200,0.004300,-0.003400,0.003700,0.00008,-0.001400
19/10/2018,-0.002500,-0.012700,0.007200,0.004500,0.005600,0.00008,-0.005400
22/10/2018,-0.003800,0.003600,-0.012500,0.011000,-0.001700,0.00008,0.012400
23/10/2018,-0.006200,-0.001800,-0.004200,0.001000,-0.001000,0.00008,-0.003600
24/10/2018,-0.033300,-0.008300,0.007800,0.003100,0.012500,0.00008,-0.004400
25/10/2018,0.019300,0.003100,-0.005900,-0.001900,-0.010800,0.00008,0.010300
26/10/2018,-0.016500,0.005900,0.003500,-0.003500,0.005000,0.00008,-0.001400
29/10/2018,-0.007700,-0.001000,0.016100,-0.000100,0.009700,0.00008,-0.011200
30/10/2018,0.016600,0.004500,0.000700,0.003700,0.003200,0.00008,0.000300
31/10/2018,0.012200,-0.007000,-0.007200,-0.004000,-0.009500,0.00008,0.007700
01/11/2018,0.012900,0.012200,-0.011400,-0.002400,-0.004900,0.00008,-0.009800
02/11/2018,-0.005300,0.008500,0.006700,-0.004700,0.002200,0.00008,-0.001300
05/11/2018,0.004000,-0.008800,0.015600,-0.004900,0.007600,0.00008,-0.001200
06/11/2018,0.005800,-0.001500,0.000300,0.003000,0.002000,0.00008,-0.001000
07/11/2018,0.021100,-0.005100,-0.010600,-0.003900,-0.008100,0.00008,0.017000
08/11/2018,-0.002800,-0.001700,0.002500,0.003900,0.003300,0.00008,0.004300
09/11/2018,-0.010400,-0.008500,0.004200,0.006300,0.006600,0.00008,0.000400
12/11/2018,-0.020600,0.001000,0.008500,0.005300,0.008800,0.00008,-0.002600
13/11/2018,-0.001300,-0.000500,0.001600,0.002200,-0.003000,0.00008,-0.009100
14/11/2018,-0.007700,0.000300,-0.002800,0.005900,0.001000,0.00008,-0.006700
15/11/2018,0.011800,0.003100,-0.004100,-0.008200,-0.007000,0.00008,0.006200
16/11/2018,0.001500,-0.000100,-0.000600,-0.007800,0.001800,0.00008,0.000600
19/11/2018,-0.018800,-0.003900,0.023000,0.002000,0.012300,0.00008,-0.010200
20/11/2018,-0.018500,0.000300,-0.005400,-0.003700,-0.003100,0.00008,-0.007100
21/11/2018,0.005100,0.009500,-0.003400,-0.003400,0.000100,0.00008,-0.001900
23/11/2018,-0.005500,0.007600,-0.006000,0.002900,-0.000600,0.00008,0.000800
26/11/2018,0.016200,-0.006900,-0.002000,-0.004100,-0.007200,0.00008,0.001100
27/11/2018,0.001100,-0.010600,0.002600,0.006000,0.001300,0.00008,0.005700
28/11/2018,0.024200,0.003100,-0.011700,0.000700,-0.009300,0.00008,0.009900
29/11/2018,-0.002200,-0.002000,-0.001000,-0.004900,0.000400,0.00008,0.002800
30/11/2018,0.007800,-0.003800,-0.004300,0.002400,-0.002700,0.00008,-0.002800
03/12/2018,0.011300,-0.001000,-0.008100,-0.002400,-0.005500,0.00011,0.002300
04/12/2018,-0.034500,-0.010300,-0.001900,-0.001400,0.009500,0.00011,0.006700
06/12/2018,-0.001600,-0.000600,-0.010500,0.001500,-0.003200,0.00011,0.005000
07/12/2018,-0.023600,0.002700,0.013300,-0.004700,0.006300,0.00011,-0.005300
10/12/2018,0.001000,-0.003600,-0.016200,0.002800,-0.003100,0.00011,0.007500
11/12/2018,-0.000800,-0.001500,-0.004200,0.001700,-0.000700,0.00011,0.007300
12/12/2018,0.006800,0.005000,-0.001900,-0.002300,-0.000900,0.00011,-0.000500
13/12/2018,-0.002600,-0.015500,-0.001900,0.002000,0.000400,0.00011,0.004900
14/12/2018,-0.018900,0.000900,0.005100,-0.002100,0.006200,0.00011,-0.005000
17/12/2018,-0.021400,-0.001200,0.010800,0.002600,0.001800,0.00011,-0.009700
18/12/2018,-0.000300,-0.000400,-0.006100,0.009100,-0.004700,0.00011,0.002800
19/12/2018,-0.015800,-0.006000,0.000300,-0.003800,0.004200,0.00011,0.006800
20/12/2018,-0.016200,-0.001200,0.009700,0.006100,-0.000800,0.00011,-0.004900
21/12/2018,-0.021700,-0.005300,0.007700,0.001200,0.006500,0.00011,0.003900
24/12/2018,-0.025500,0.009200,-0.004900,-0.003400,-0.003400,0.00011,-0.002100
26/12/2018,0.050600,-0.001900,-0.010100,-0.002100,-0.010800,0.00011,0.000700
27/12/2018,0.007800,-0.007100,-0.001300,-0.001400,0.001100,0.00011,0.002300
28/12/2018,-0.000300,0.007500,0.002600,-0.003700,-0.000600,0.00011,0.001400
31/12/2018,0.009000,-0.001400,-0.004500,-0.000900,-0.001200,0.00011,0.006300
02/01/2019,0.002300,0.007400,0.011200,-0.001200,0.002700,0.00010,-0.022900
03/01/2019,-0.024500,0.004900,0.012000,-0.002300,0.009000,0.00010,-0.007700
04/01/2019,0.035500,0.003600,-0.007000,-0.001100,-0.005900,0.00010,-0.009600
07/01/2019,0.009400,0.008700,-0.007500,-0.007200,-0.004500,0.00010,-0.007700
08/01/2019,0.010100,0.004400,-0.006300,0.003200,-0.000900,0.00010,0.001200
09/01/2019,0.005600,0.005000,0.001000,0.000800,-0.001900,0.00010,-0.008100
10/01/2019,0.004200,0.000000,-0.004600,-0.000600,-0.000400,0.00010,-0.003800
11/01/2019,-0.000100,0.002000,0.002200,0.002300,0.002500,0.00010,-0.002100
14/01/2019,-0.006000,-0.004500,0.009400,0.002400,0.000000,0.00010,-0.006000
15/01/2019,0.010600,-0.001400,-0.008800,-0.003000,-0.005700,0.00010,0.011500
16/01/2019,0.002800,0.002500,0.009200,-0.001100,-0.002300,0.00010,-0.007600
17/01/2019,0.007500,0.000900,-0.002400,0.000600,0.000000,0.00010,-0.002000
18/01/2019,0.012900,-0.002900,0.001200,0.002000,-0.002700,0.00010,-0.008400
22/01/2019,-0.015300,-0.003500,0.003300,0.002600,0.003400,0.00010,0.009400
23/01/2019,0.001500,-0.004100,-0.001400,0.003500,0.002900,0.00010,0.009800
24/01/2019,0.002300,0.004800,0.000000,-0.001500,-0.001900,0.00010,-0.010200
25/01/2019,0.009000,0.004200,-0.003500,-0.003500,-0.005700,0.00010,-0.013800
28/01/2019,-0.008000,-0.000700,0.006300,0.002800,0.001600,0.00010,-0.001100
29/01/2019,-0.001900,0.000300,0.001700,0.000400,0.004600,0.00010,-0.002600
30/01/2019,0.015100,-0.003500,-0.009400,-0.002400,-0.008800,0.00010,0.000800
31/01/2019,0.009200,-0.000600,-0.010800,-0.003700,-0.000100,0.00010,0.003400
01/02/2019,0.001400,-0.001600,0.004300,-0.007400,0.003000,0.00010,-0.005400
04/02/2019,0.007200,0.004100,-0.004600,0.001900,-0.002100,0.00010,-0.001500
05/02/2019,0.004300,-0.001200,-0.006000,0.006100,-0.003300,0.00010,0.001000
06/02/2019,-0.002200,-0.000300,0.000700,-0.001100,0.000900,0.00010,-0.002900
07/02/2019,-0.009300,-0.001400,0.004000,0.005400,0.002800,0.00010,0.006900
08/02/2019,0.000900,-0.000800,-0.006800,-0.003400,-0.001200,0.00010,0.007300
11/02/2019,0.001400,0.006700,0.002200,-0.000900,-0.000200,0.00010,-0.001100
12/02/2019,0.013600,0.000300,-0.001700,-0.001200,-0.002800,0.00010,-0.005200
13/02/2019,0.002800,0.000600,0.000700,0.001100,0.002200,0.00010,-0.003900
14/02/2019,-0.002100,0.005200,-0.005800,0.004100,-0.001800,0.00010,0.001900
15/02/2019,0.011300,0.003800,0.004700,-0.002100,0.000100,0.00010,-0.004400
19/02/2019,0.001900,0.003200,0.003000,0.000200,0.002200,0.00010,-0.004000
20/02/2019,0.001900,0.002900,0.005500,0.000100,-0.002700,0.00010,-0.004000
21/02/2019,-0.003700,-0.000400,-0.002200,0.005700,0.001300,0.00010,0.004400
22/02/2019,0.006500,0.003800,-0.014700,0.002900,-0.006100,0.00010,0.002500
25/02/2019,0.001500,-0.002800,-0.001800,-0.008600,-0.005100,0.00010,-0.006300
26/02/2019,-0.001600,-0.006800,-0.003300,0.000900,-0.001500,0.00010,0.002400
27/02/2019,0.000900,0.001500,-0.001200,-0.006800,-0.000700,0.00010,0.004700
28/02/2019,-0.003100,-0.000200,-0.002400,0.002800,0.001600,0.00010,0.006900
01/03/2019,0.007200,0.002500,-0.004100,-0.003600,-0.001700,0.00009,-0.002200
04/03/2019,-0.005200,-0.003900,0.003900,0.001500,-0.000800,0.00009,-0.005100
05/03/2019,-0.001700,-0.003200,-0.002300,0.002800,0.000000,0.00009,0.004800
06/03/2019,-0.008400,-0.012300,0.000500,0.005600,0.001300,0.00009,0.007700
07/03/2019,-0.008200,-0.000500,-0.003300,-0.003800,0.001300,0.00009,0.005100
08/03/2019,-0.002200,0.000600,-0.001500,-0.001100,-0.002800,0.00009,0.001300
11/03/2019,0.014900,0.002700,-0.005200,-0.002800,-0.004700,0.00009,-0.003500
12/03/2019,0.002500,-0.003100,-0.000800,-0.004300,0.000200,0.00009,-0.000600
13/03/2019,0.006800,-0.003200,0.000700,-0.001700,0.001900,0.00009,-0.002100
14/03/2019,-0.001000,-0.003800,0.003100,-0.001500,-0.001100,0.00009,0.002200
15/03/2019,0.004800,-0.002400,-0.002400,-0.000400,-0.001900,0.00009,-0.001700
18/03/2019,0.004600,0.002300,0.004400,-0.000800,-0.000700,0.00009,-0.005900
19/03/2019,-0.000900,-0.004700,-0.009100,0.000100,-0.000500,0.00009,0.004800
20/03/2019,-0.003900,-0.002200,-0.010400,-0.002100,-0.002400,0.00009,0.005700
21/03/2019,0.011100,0.001700,-0.012300,0.003200,-0.003400,0.00009,-0.000200
22/03/2019,-0.021700,-0.015700,-0.000600,0.005500,0.006000,0.00009,0.010100
25/03/2019,-0.000500,0.006000,-0.002700,0.002000,0.000400,0.00009,0.006500
26/03/2019,0.007600,0.002300,0.004600,0.000500,0.001900,0.00009,-0.004600
27/03/2019,-0.005000,0.001700,0.004900,0.007600,0.001000,0.00009,-0.003700
28/03/2019,0.004000,0.003500,0.000200,-0.001300,-0.000800,0.00009,-0.001800
29/03/2019,0.006600,-0.002800,-0.009200,0.002100,-0.001700,0.00009,0.000000
01/04/2019,0.011900,-0.001900,0.009900,-0.000600,-0.003100,0.00010,-0.009700
02/04/2019,-0.000500,-0.001800,-0.004400,-0.003800,-0.005000,0.00010,0.001900
03/04/2019,0.002700,0.002300,-0.003900,0.001400,-0.004000,0.00010,-0.001000
04/04/2019,0.001900,0.003500,0.009200,0.006400,0.002200,0.00010,-0.013200
05/04/2019,0.005200,0.004900,-0.000800,-0.002800,0.001000,0.00010,-0.006600
08/04/2019,0.000800,-0.003100,0.001000,0.002700,-0.000300,0.00010,-0.002000
09/04/2019,-0.006500,-0.006000,-0.001400,0.001200,-0.000400,0.00010,0.009900
10/04/2019,0.004800,0.009500,-0.001000,0.000900,-0.001100,0.00010,-0.002000
11/04/2019,0.000000,-0.002700,0.004100,0.000400,0.001100,0.00010,-0.001100
12/04/2019,0.006500,-0.003600,0.006400,0.005300,-0.002500,0.00010,-0.010900
15/04/2019,-0.000900,-0.002600,-0.005400,0.003600,0.000800,0.00010,0.008100
16/04/2019,0.001300,0.002400,0.007000,-0.000800,-0.001300,0.00010,-0.008800
17/04/2019,-0.003200,-0.005300,0.008300,0.011300,-0.002700,0.00010,-0.008300
18/04/2019,0.001100,-0.002800,-0.005100,0.001500,-0.002100,0.00010,-0.000500
22/04/2019,0.001100,-0.004800,-0.005500,-0.005200,-0.001600,0.00010,0.002400
23/04/2019,0.009700,0.006600,-0.004900,-0.001100,-0.004300,0.00010,0.002500
24/04/2019,-0.002300,0.003100,-0.000800,0.006100,0.000300,0.00010,0.004300
25/04/2019,-0.001400,-0.007900,-0.001900,-0.006400,-0.002400,0.00010,0.013700
26/04/2019,0.005300,0.004700,0.000700,-0.000800,-0.001900,0.00010,0.001200
29/04/2019,0.001800,0.001500,0.006400,-0.003800,-0.001500,0.00010,-0.004500
30/04/2019,-0.000400,-0.006800,0.002800,0.001100,0.007000,0.00010,0.003300
01/05/2019,-0.008300,-0.000700,-0.000200,0.003400,-0.000600,0.00009,0.004800
02/05/2019,-0.001600,0.004600,-0.002700,0.000000,0.000500,0.00009,0.004800
03/05/2019,0.011300,0.009300,-0.002700,-0.000100,-0.003400,0.00009,-0.002400
06/05/2019,-0.003900,0.005800,-0.004200,0.000200,0.000600,0.00009,0.002800
07/05/2019,-0.016900,-0.002700,0.005100,0.000200,0.003100,0.00009,0.002700
08/05/2019,-0.002200,-0.002000,-0.003200,-0.000200,0.001800,0.00009,0.001400
09/05/2019,-0.002800,0.000600,0.001200,-0.003500,0.000000,0.00009,0.006100
10/05/2019,0.003500,-0.003300,0.000800,-0.001100,0.002600,0.00009,0.006000
13/05/2019,-0.026700,-0.006700,0.002900,0.002200,0.008200,0.00009,0.009800
14/05/2019,0.009300,0.003400,-0.000200,-0.005500,0.000100,0.00009,-0.005400
15/05/2019,0.005800,-0.001000,-0.009600,0.001300,-0.002900,0.00009,0.003900
16/05/2019,0.009100,-0.004500,-0.003200,-0.001400,-0.002300,0.00009,0.004500
17/05/2019,-0.007300,-0.007600,0.003000,0.000600,0.003100,0.00009,0.004500
20/05/2019,-0.006500,-0.001100,0.007200,0.000600,0.004200,0.00009,0.003600
21/05/2019,0.009000,0.004400,-0.003500,-0.001300,-0.001800,0.00009,-0.006900
22/05/2019,-0.004000,-0.006500,-0.005900,-0.001500,0.002000,0.00009,0.013200
23/05/2019,-0.013700,-0.007200,-0.002700,0.003000,0.002700,0.00009,0.011700
24/05/2019,0.002300,0.005100,0.003100,-0.005000,-0.000300,0.00009,0.000400
28/05/2019,-0.007800,0.002100,-0.006300,0.000100,-0.002600,0.00009,0.010500
29/05/2019,-0.007100,-0.002400,0.004200,-0.001900,0.000100,0.00009,-0.004200
30/05/2019,0.001400,-0.003800,-0.007700,0.002600,-0.000400,0.00009,0.014100
31/05/2019,-0.013700,-0.002300,-0.000900,0.000200,0.004000,0.00009,0.005800
03/06/2019,-0.004000,0.005800,0.016500,0.002800,0.013900,0.00009,-0.006000
04/06/2019,0.023300,0.004900,-0.000200,0.002900,-0.004700,0.00009,-0.011500
05/06/2019,0.007000,-0.010600,-0.009700,0.000600,-0.002000,0.00009,0.016800
06/06/2019,0.005500,-0.010800,0.000100,0.000600,-0.000700,0.00009,0.006600
07/06/2019,0.010400,-0.001400,-0.012000,0.003500,-0.006500,0.00009,0.003700
10/06/2019,0.005300,0.000100,0.000800,0.003900,-0.003600,0.00009,-0.003800
11/06/2019,-0.001200,-0.002000,0.005500,0.004700,0.001800,0.00009,-0.005000
12/06/2019,-0.002000,0.002900,-0.009800,0.000600,0.001000,0.00009,0.014900
13/06/2019,0.005200,0.006800,-0.000400,-0.001200,-0.000600,0.00009,-0.014100
14/06/2019,-0.002700,-0.007400,0.003100,0.002500,0.001400,0.00009,0.009200
17/06/2019,0.001500,0.004800,-0.011200,-0.006600,-0.004200,0.00009,-0.002700
18/06/2019,0.010400,0.001900,0.003300,-0.002500,-0.001900,0.00009,-0.009900
19/06/2019,0.003200,0.000200,-0.005900,-0.002000,0.001700,0.00009,0.007900
20/06/2019,0.008900,-0.004000,-0.002300,-0.001400,-0.001100,0.00009,-0.003700
21/06/2019,-0.002100,-0.004600,-0.000300,-0.001100,0.000200,0.00009,-0.001100
24/06/2019,-0.003400,-0.009000,0.000900,0.006400,-0.000200,0.00009,0.006900
25/06/2019,-0.009800,0.004100,0.007100,-0.001000,0.005600,0.00009,-0.003900
26/06/2019,-0.000600,0.000200,0.002500,0.003700,-0.003900,0.00009,-0.019300
27/06/2019,0.006000,0.014300,-0.000900,-0.003400,-0.002200,0.00009,-0.000400
28/06/2019,0.006800,0.007700,0.006100,-0.004600,0.001100,0.00009,-0.005400
01/07/2019,0.007500,-0.005900,-0.001300,-0.001300,0.000500,0.00009,0.003900
02/07/2019,0.001400,-0.009600,-0.008100,-0.000200,-0.000200,0.00009,0.018300
03/07/2019,0.007800,-0.001300,-0.003300,-0.003500,-0.000500,0.00009,0.002500
05/07/2019,-0.001000,0.003400,0.009100,0.001300,-0.000500,0.00009,-0.002800
08/07/2019,-0.005800,-0.004300,0.000500,0.000400,-0.002600,0.00009,0.006600
09/07/2019,0.001800,-0.002300,-0.004300,-0.006500,-0.001900,0.00009,0.003200
10/07/2019,0.004000,-0.002500,-0.003600,0.001100,-0.000200,0.00009,-0.001100
11/07/2019,0.001900,-0.007700,0.000400,-0.002400,-0.005600,0.00009,0.002700
12/07/2019,0.005300,0.003200,0.004100,0.005900,-0.000900,0.00009,-0.009400
15/07/2019,-0.000400,-0.004700,-0.010700,0.001300,0.002400,0.00009,0.007300
16/07/2019,-0.003200,0.004100,0.001000,0.004400,-0.000200,0.00009,0.000200
17/07/2019,-0.006400,-0.002600,-0.006500,-0.004800,-0.002300,0.00009,0.008700
18/07/2019,0.003500,-0.002700,0.000200,-0.003600,0.003500,0.00009,0.002900
19/07/2019,-0.005600,0.003000,0.008600,0.003700,0.000900,0.00009,-0.010000
22/07/2019,0.002500,-0.005500,-0.004900,-0.001900,-0.000100,0.00009,0.002200
23/07/2019,0.006500,-0.000600,0.008100,0.006600,0.003400,0.00009,-0.008000
24/07/2019,0.006600,0.009200,0.008500,-0.000700,-0.000900,0.00009,-0.007500
25/07/2019,-0.006300,-0.006800,-0.001200,0.001600,0.000500,0.00009,0.015300
26/07/2019,0.008200,0.003300,-0.001900,-0.006100,-0.002500,0.00009,0.002500
29/07/2019,-0.003200,-0.003500,-0.004600,0.003000,0.003800,0.00009,0.004400
30/07/2019,-0.001700,0.014200,0.008900,-0.001700,0.001000,0.00009,-0.013700
31/07/2019,-0.010900,0.002600,0.006100,0.002000,0.005300,0.00009,0.001300
01/08/2019,-0.010400,-0.007600,-0.018900,-0.005500,-0.003000,0.00007,0.024700
02/08/2019,-0.008700,-0.002600,0.000700,0.001400,0.001900,0.00007,0.002200
05/08/2019,-0.030700,0.000500,0.000000,-0.000800,0.002700,0.00007,0.004100
06/08/2019,0.012900,-0.005500,-0.005900,-0.002700,-0.002500,0.00007,0.010400
07/08/2019,0.000700,-0.001000,-0.009100,0.001800,-0.001800,0.00007,0.003700
08/08/2019,0.019700,-0.000300,-0.002300,0.002900,-0.003000,0.00007,0.002600
09/08/2019,-0.007800,-0.005000,-0.002300,-0.004800,-0.000200,0.00007,0.010000
12/08/2019,-0.013200,0.002100,-0.002700,0.001300,0.002400,0.00007,0.005700
13/08/2019,0.014700,-0.003500,-0.005400,0.003500,-0.000400,0.00007,0.000500
14/08/2019,-0.029500,0.000300,-0.005100,-0.003800,0.000100,0.00007,0.013300
15/08/2019,0.001600,-0.006900,-0.005200,-0.000700,-0.004700,0.00007,0.012000
16/08/2019,0.015500,0.006400,0.006000,0.001400,-0.000500,0.00007,-0.010900
19/08/2019,0.011400,0.000300,0.002200,0.003700,-0.000100,0.00007,-0.011600
20/08/2019,-0.007500,0.001800,-0.005000,0.001100,-0.001800,0.00007,0.004300
21/08/2019,0.008500,-0.000300,-0.003000,-0.000300,-0.000100,0.00007,-0.000700
22/08/2019,-0.001000,-0.003500,0.004900,0.002200,0.002600,0.00007,-0.000500
23/08/2019,-0.026600,-0.006000,-0.001700,-0.006400,-0.002400,0.00007,0.009400
26/08/2019,0.010800,-0.000400,-0.001800,0.001900,-0.001500,0.00007,0.004000
27/08/2019,-0.004600,-0.010000,-0.006700,0.002500,0.000700,0.00007,0.009100
28/08/2019,0.006800,0.006200,0.006200,0.003500,0.002100,0.00007,-0.008800
29/08/2019,0.013500,0.004000,0.003400,0.001700,-0.001800,0.00007,-0.009400
30/08/2019,0.000300,-0.002500,0.002400,0.001000,0.001300,0.00007,-0.002700
03/09/2019,-0.008600,-0.009300,0.001000,-0.002000,0.004500,0.00009,0.005500
04/09/2019,0.010800,-0.001500,0.004300,0.002500,-0.000600,0.00009,-0.009100
05/09/2019,0.014200,0.005500,0.007000,0.004300,0.000000,0.00009,-0.020000
06/09/2019,-0.000200,-0.003600,0.000400,0.001600,0.004200,0.00009,-0.003900
09/09/2019,0.000700,0.013500,0.030600,0.008800,0.004300,0.00009,-0.038300
10/09/2019,0.001700,0.014100,0.011200,-0.000300,0.005900,0.00009,-0.031600
11/09/2019,0.008800,0.013700,-0.000400,-0.002300,0.003400,0.00009,-0.004400
12/09/2019,0.002200,-0.003900,-0.001300,-0.002200,-0.001800,0.00009,0.009900
13/09/2019,-0.000100,0.001800,0.007400,-0.000200,-0.001100,0.00009,-0.007000
16/09/2019,-0.002300,0.008800,0.005300,-0.003200,0.000500,0.00009,-0.018600
17/09/2019,0.001700,-0.007900,-0.011900,-0.001900,-0.003500,0.00009,0.023700
18/09/2019,-0.000500,-0.007800,0.000600,-0.001200,0.000400,0.00009,0.010100
19/09/2019,-0.000500,-0.004800,-0.004600,0.000400,-0.002100,0.00009,0.005700
20/09/2019,-0.004800,0.003000,0.001500,-0.005900,0.000800,0.00009,0.000300
23/09/2019,-0.000200,-0.001100,0.005100,0.002700,0.002700,0.00009,-0.001700
24/09/2019,-0.010100,-0.007500,0.000000,0.001700,0.004500,0.00009,0.011400
25/09/2019,0.006900,0.004200,0.005200,0.004200,0.000100,0.00009,-0.006400
26/09/2019,-0.004100,-0.009800,0.001200,0.003500,0.002900,0.00009,0.008100
27/09/2019,-0.006200,-0.001700,0.008800,0.002400,0.005600,0.00009,-0.007100
30/09/2019,0.005000,-0.002600,-0.004800,0.006200,-0.000200,0.00009,0.002000
01/10/2019,-0.013100,-0.006500,-0.005800,0.001000,-0.001900,0.00007,0.011500
02/10/2019,-0.017300,0.007700,-0.003600,-0.004700,-0.002600,0.00007,0.007800
03/10/2019,0.008000,-0.003800,-0.008900,-0.001900,-0.001800,0.00007,-0.002300
04/10/2019,0.013900,-0.005100,-0.000700,-0.000200,0.000400,0.00007,0.009200
07/10/2019,-0.004100,0.001400,-0.000200,-0.000600,-0.002600,0.00007,-0.001300
08/10/2019,-0.016100,-0.001500,-0.001200,0.004200,0.000200,0.00007,0.006400
09/10/2019,0.009200,-0.005800,-0.000900,0.001300,-0.001600,0.00007,0.004800
10/10/2019,0.005900,-0.002600,0.002600,0.001200,-0.000900,0.00007,-0.003800
11/10/2019,0.012300,0.006000,0.001900,0.004900,0.003000,0.00007,-0.011600
14/10/2019,-0.001800,-0.003500,-0.000400,-0.001700,-0.000800,0.00007,0.001700
15/10/2019,0.010300,0.002500,-0.002500,-0.002200,-0.006800,0.00007,-0.002600
16/10/2019,-0.002400,0.004800,0.002300,0.003800,0.002600,0.00007,-0.001300
17/10/2019,0.003700,0.007900,-0.002800,0.001100,-0.000400,0.00007,-0.001400
18/10/2019,-0.004900,-0.001400,0.008700,-0.000800,0.003800,0.00007,0.004500
21/10/2019,0.007100,0.003000,0.003400,0.000200,0.000200,0.00007,-0.004600
22/10/2019,-0.003400,0.004900,0.008600,0.004200,0.003300,0.00007,-0.020700
23/10/2019,0.002500,-0.001100,0.002600,-0.000100,0.000800,0.00007,-0.006100
24/10/2019,0.002500,-0.005000,-0.008900,-0.000600,-0.006600,0.00007,0.010700
25/10/2019,0.005100,0.003900,0.000800,0.003400,-0.000400,0.00007,-0.008200
28/10/2019,0.006200,0.002800,-0.002500,0.000100,-0.000400,0.00007,-0.001800
29/10/2019,-0.001300,0.004000,0.005000,-0.000500,0.001000,0.00007,-0.000800
30/10/2019,0.002700,-0.006300,-0.011700,-0.004700,-0.000200,0.00007,0.009700
31/10/2019,-0.003800,-0.003400,-0.004300,-0.002800,0.001900,0.00007,0.005100
01/11/2019,0.010800,0.006500,0.008300,-0.001700,0.001300,0.00006,-0.018000
04/11/2019,0.004000,0.003200,0.013600,0.006200,0.001200,0.00006,-0.026100
05/11/2019,-0.000300,0.003800,0.004400,0.000000,-0.000100,0.00006,-0.007600
06/11/2019,-0.000500,-0.008100,0.002300,-0.001700,0.003100,0.00006,0.009900
07/11/2019,0.003800,-0.000100,0.005100,0.000900,-0.002100,0.00006,-0.011700
08/11/2019,0.003100,-0.000100,-0.003600,-0.001200,0.000600,0.00006,-0.001600
11/11/2019,-0.001900,-0.000700,-0.001900,-0.000700,-0.000800,0.00006,0.007900
12/11/2019,0.001600,-0.001800,-0.001500,-0.001700,-0.002200,0.00006,0.005400
13/11/2019,0.000100,-0.004100,-0.008200,-0.002900,-0.000300,0.00006,0.010500
14/11/2019,0.000700,-0.001500,-0.002500,0.001300,-0.003500,0.00006,0.005100
15/11/2019,0.007400,-0.002900,-0.003300,-0.000100,0.000500,0.00006,-0.005500
18/11/2019,0.000200,-0.003600,-0.005100,-0.000400,-0.003200,0.00006,0.009100
19/11/2019,0.000200,0.003500,-0.009500,-0.008700,-0.002200,0.00006,0.004900
20/11/2019,-0.003300,-0.001400,-0.004500,-0.005600,-0.002900,0.00006,0.000200
21/11/2019,-0.001400,-0.003100,0.001100,0.000800,-0.001000,0.00006,-0.009600
22/11/2019,0.002400,0.001600,0.002200,0.001800,0.000500,0.00006,-0.009900
25/11/2019,0.009200,0.012700,-0.003800,0.001100,0.000200,0.00006,-0.003700
26/11/2019,0.001900,-0.000900,-0.009000,0.002000,-0.002500,0.00006,0.008600
27/11/2019,0.004400,0.002200,-0.000200,0.000400,-0.000200,0.00006,-0.002200
29/11/2019,-0.004200,-0.001100,-0.003100,-0.004700,0.000000,0.00006,-0.000200
02/12/2019,-0.008700,-0.001300,0.004800,0.000900,0.002000,0.00007,-0.003800
03/12/2019,-0.006600,0.004200,-0.008300,-0.005100,-0.005500,0.00007,0.005000
04/12/2019,0.006000,0.002200,0.002500,0.001600,0.000900,0.00007,-0.003000
05/12/2019,0.001300,-0.001400,0.004600,0.002600,0.003500,0.00007,0.005800
06/12/2019,0.009100,0.003800,0.003700,0.003300,0.002200,0.00007,-0.007900
09/12/2019,-0.003300,0.003100,0.001200,-0.001300,-0.002200,0.00007,-0.002700
10/12/2019,-0.000800,0.002800,-0.000900,-0.002000,0.000400,0.00007,-0.000300
11/12/2019,0.002800,-0.001000,0.001300,0.003300,0.001600,0.00007,0.004500
12/12/2019,0.009000,0.001200,0.011400,0.001300,0.002000,0.00007,-0.008600
13/12/2019,-0.000300,-0.004500,-0.005400,-0.002800,-0.002400,0.00007,0.007700
16/12/2019,0.007400,-0.000400,-0.000400,-0.004000,0.002000,0.00007,-0.004800
17/12/2019,0.001000,0.004800,0.006700,0.001200,-0.000300,0.00007,-0.000800
18/12/2019,-0.000500,0.002900,0.000800,0.002800,0.000000,0.00007,-0.002800
19/12/2019,0.004300,-0.001400,-0.004200,-0.002500,-0.000400,0.00007,-0.002200
20/12/2019,0.004800,-0.002700,-0.003100,0.000000,-0.000600,0.00007,0.002300
23/12/2019,0.001000,0.001700,-0.003400,-0.001300,0.003300,0.00007,-0.006900
24/12/2019,0.000100,0.003700,-0.000100,-0.002800,0.000400,0.00007,0.001600
26/12/2019,0.004800,-0.005600,0.000000,0.002500,-0.001800,0.00007,0.003000
27/12/2019,-0.001000,-0.005500,-0.000700,0.002500,0.001100,0.00007,0.003700
30/12/2019,-0.005700,0.002800,0.005600,0.001100,0.003800,0.00007,0.000500
31/12/2019,0.002800,0.000100,0.001100,-0.001200,0.002500,0.00007,-0.004600
02/01/2020,0.008600,-0.009700,-0.003300,0.002400,-0.002200,0.00006,0.008200
03/01/2020,-0.006700,0.003000,0.000100,-0.001400,-0.001000,0.00006,0.000300
06/01/2020,0.003600,-0.002100,-0.005500,-0.001700,-0.002600,0.00006,-0.006900
07/01/2020,-0.001900,-0.000300,-0.002500,-0.001300,-0.002500,0.00006,0.000100
08/01/2020,0.004700,-0.001700,-0.006400,-0.002000,-0.001700,0.00006,0.009200
09/01/2020,0.006500,-0.007100,-0.004900,-0.001400,0.000400,0.00006,0.007300
10/01/2020,-0.003400,-0.002700,-0.003300,0.000400,-0.000800,0.00006,0.001800
13/01/2020,0.007300,-0.001000,-0.000800,0.003400,0.002700,0.00006,0.006400
14/01/2020,-0.000600,0.004700,-0.001800,-0.003300,-0.000600,0.00006,-0.009000
15/01/2020,0.001600,0.002700,-0.008100,-0.000800,-0.001800,0.00006,0.001400
16/01/2020,0.008800,0.005200,-0.001100,0.000300,-0.001000,0.00006,0.001500
17/01/2020,0.002800,-0.006300,-0.001300,0.002300,0.000000,0.00006,0.008600
21/01/2020,-0.003200,-0.006700,-0.006100,-0.001100,-0.002500,0.00006,0.008000
22/01/2020,0.000800,-0.002400,0.000100,-0.002700,0.000100,0.00006,0.006400
23/01/2020,0.000800,-0.000600,-0.001300,0.002800,-0.000700,0.00006,0.002600
24/01/2020,-0.009700,-0.005000,-0.002800,0.001600,-0.000300,0.00006,0.004900
27/01/2020,-0.015600,0.002600,-0.004100,-0.005300,0.000300,0.00006,0.004700
28/01/2020,0.010200,-0.001300,-0.004200,0.001700,-0.000500,0.00006,0.008200
29/01/2020,-0.001000,-0.004200,-0.009700,0.002500,0.000800,0.00006,0.006100
30/01/2020,0.003400,-0.006400,0.006800,-0.004500,-0.002400,0.00006,0.005200
31/01/2020,-0.017400,-0.005000,-0.003500,-0.004400,-0.006600,0.00006,-0.002900
03/02/2020,0.008400,0.003600,-0.006800,-0.006800,-0.004200,0.00006,0.003300
04/02/2020,0.015700,-0.001400,-0.006800,0.003800,-0.001700,0.00006,-0.000900
05/02/2020,0.009700,0.007400,0.014600,0.009600,0.006700,0.00006,-0.017300
06/02/2020,0.002700,-0.005900,-0.008300,-0.000400,-0.004000,0.00006,0.004400
07/02/2020,-0.005500,-0.008400,-0.000300,-0.002300,-0.005700,0.00006,0.003900
10/02/2020,0.007300,-0.001700,-0.008800,-0.001200,-0.005100,0.00006,0.009500
11/02/2020,0.002800,0.003400,0.010400,0.002400,0.003300,0.00006,-0.010600
12/02/2020,0.006600,0.001500,-0.003500,0.002100,0.000600,0.00006,-0.004100
13/02/2020,-0.000900,0.001600,0.000000,-0.001100,-0.004000,0.00006,0.006400
14/02/2020,0.001500,-0.005600,-0.006600,-0.002300,-0.003100,0.00006,0.005200
18/02/2020,-0.001900,-0.000100,-0.006400,-0.004200,-0.006800,0.00006,0.002600
19/02/2020,0.006000,0.001900,0.000300,0.001800,-0.002400,0.00006,-0.000500
20/02/2020,-0.003500,0.006300,0.006600,0.001700,-0.000500,0.00006,-0.005300
21/02/2020,-0.011200,-0.000700,0.000200,-0.002300,0.003800,0.00006,-0.002200
24/02/2020,-0.033900,0.001500,0.000100,-0.003500,0.002200,0.00006,0.005900
25/02/2020,-0.030900,-0.003500,-0.006800,-0.006200,-0.000500,0.00006,0.007500
26/02/2020,-0.005200,-0.007400,-0.012000,-0.004700,-0.001800,0.00006,0.011700
27/02/2020,-0.042200,0.007100,0.000500,-0.004100,0.000000,0.00006,-0.001900
28/02/2020,-0.007800,0.000900,-0.008000,0.002500,-0.005100,0.00006,-0.004100
02/03/2020,0.043100,-0.019100,-0.004300,-0.005200,0.004200,0.00006,0.019100
03/03/2020,-0.027900,0.006800,-0.006300,-0.004400,0.003300,0.00006,0.008200
04/03/2020,0.040300,-0.012300,-0.011700,0.000700,0.002800,0.00006,0.010800
05/03/2020,-0.033800,-0.001400,-0.014000,-0.008800,0.000500,0.00006,0.004600
06/03/2020,-0.017800,-0.002100,-0.014900,0.006900,0.003500,0.00006,0.004600
09/03/2020,-0.077800,-0.013300,-0.047500,0.000800,0.004700,0.00006,0.032200
10/03/2020,0.047400,-0.023900,0.007900,0.005200,0.000700,0.00006,0.005700
11/03/2020,-0.050500,-0.010500,-0.008100,0.000300,0.001000,0.00006,0.003300
12/03/2020,-0.096300,-0.010800,-0.011800,-0.003300,-0.001400,0.00006,0.002400
13/03/2020,0.089600,-0.020500,0.029800,0.012200,0.003700,0.00006,-0.011700
16/03/2020,-0.120000,-0.008300,-0.007600,0.004900,0.013800,0.00006,-0.023300
17/03/2020,0.058700,0.004400,-0.006900,-0.005100,-0.002000,0.00006,0.012300
18/03/2020,-0.055600,-0.045600,-0.047100,0.001300,0.000600,0.00006,-0.008500
19/03/2020,0.013100,0.057300,0.008700,-0.013900,-0.017000,0.00006,0.002900
20/03/2020,-0.041500,0.002200,-0.008900,-0.009800,-0.011300,0.00006,-0.007500
23/03/2020,-0.025500,0.017000,-0.033000,0.003000,-0.010500,0.00006,0.016000
24/03/2020,0.093400,-0.002800,0.023900,0.004700,0.001600,0.00006,0.002100
25/03/2020,0.011800,-0.001800,0.019300,-0.000700,0.002300,0.00006,-0.002600
26/03/2020,0.060200,-0.005100,0.010900,-0.006200,-0.000200,0.00006,0.004500
27/03/2020,-0.034800,-0.011000,-0.007600,-0.011100,0.007800,0.00006,0.009500
30/03/2020,0.031600,-0.007800,-0.021100,-0.002600,-0.001300,0.00006,0.018500
31/03/2020,-0.014400,0.015200,-0.003900,0.004100,-0.000500,0.00006,-0.010700
01/04/2020,-0.045100,-0.020000,-0.014200,0.002300,0.002300,0.00000,0.001800
02/04/2020,0.021000,-0.009700,-0.002800,-0.002700,0.008000,0.00000,-0.008900
03/04/2020,-0.016400,-0.013600,-0.011500,-0.002300,0.003500,0.00000,-0.002000
06/04/2020,0.070600,0.011700,0.003000,0.013100,-0.007900,0.00000,-0.003400
07/04/2020,-0.001100,0.001200,0.021000,0.009000,-0.003400,0.00000,-0.018000
08/04/2020,0.034000,0.008500,0.012900,0.004500,-0.000900,0.00000,-0.021000
09/04/2020,0.015900,0.024400,0.031700,-0.008700,-0.000700,0.00000,-0.007700
13/04/2020,-0.009200,-0.014500,-0.024000,-0.004900,0.000400,0.00000,0.008900
14/04/2020,0.030200,-0.007200,-0.031300,0.002500,-0.003300,0.00000,0.020800
15/04/2020,-0.021500,-0.019500,-0.025400,-0.004000,-0.002200,0.00000,0.023300
16/04/2020,0.006200,-0.008000,-0.029700,-0.002900,-0.003000,0.00000,0.038800
17/04/2020,0.027200,0.015100,0.027700,-0.001500,-0.000200,0.00000,-0.054100
20/04/2020,-0.015600,0.003800,-0.009100,-0.017500,-0.003800,0.00000,0.015100
21/04/2020,-0.030800,0.009300,0.001600,0.002600,0.004100,0.00000,-0.003600
22/04/2020,0.023100,-0.008800,-0.016500,0.001000,0.000400,0.00000,0.004500
23/04/2020,0.001300,0.012500,0.005500,0.005100,-0.002400,0.00000,-0.023600
24/04/2020,0.014400,0.002400,-0.001200,-0.001800,0.001500,0.00000,0.003300
27/04/2020,0.017300,0.021500,0.027000,-0.001300,0.001400,0.00000,-0.024100
28/04/2020,-0.004500,0.017200,0.028400,0.013500,0.007400,0.00000,-0.033100
29/04/2020,0.029200,0.023100,0.020000,0.012400,-0.008700,0.00000,-0.047500
30/04/2020,-0.011800,-0.020500,-0.016800,0.006400,-0.000400,0.00000,0.009100
01/05/2020,-0.029100,-0.009000,-0.009700,-0.003600,0.003600,0.00000,0.028500
04/05/2020,0.005300,-0.001300,-0.012900,-0.007500,-0.004400,0.00000,0.001900
05/05/2020,0.009500,-0.002900,-0.020100,-0.004900,-0.005200,0.00000,0.021700
06/05/2020,-0.005200,0.001000,-0.027000,0.002100,-0.005700,0.00000,0.021400
07/05/2020,0.013300,0.001500,0.003900,-0.001000,-0.006100,0.00000,-0.021400
08/05/2020,0.019000,0.018900,0.024500,0.008400,0.004200,0.00000,-0.034500
11/05/2020,0.000700,-0.002200,-0.037800,-0.008500,-0.000400,0.00000,0.025100
12/05/2020,-0.020600,-0.011200,-0.013500,-0.006400,-0.000200,0.00000,0.009700
13/05/2020,-0.018900,-0.014300,-0.020900,-0.000800,-0.002700,0.00000,0.031400
14/05/2020,0.011400,-0.010800,0.009200,0.006100,0.001700,0.00000,-0.009500
15/05/2020,0.005700,0.013400,-0.011600,0.000100,-0.007700,0.00000,0.006600
18/05/2020,0.032400,0.026500,0.046100,0.016700,0.003100,0.00000,-0.061100
19/05/2020,-0.010100,-0.007500,-0.014900,0.005100,-0.005900,0.00000,0.011200
20/05/2020,0.018000,0.012200,0.013100,-0.002500,-0.002600,0.00000,-0.014500
21/05/2020,-0.007000,0.007500,0.004100,0.001500,0.000300,0.00000,-0.012200
22/05/2020,0.002700,0.002500,-0.008600,-0.005500,-0.003400,0.00000,0.008000
26/05/2020,0.012300,0.012400,0.045600,0.010400,0.005800,0.00000,-0.047400
27/05/2020,0.015400,0.014200,0.036100,0.007700,0.003600,0.00000,-0.025400
28/05/2020,-0.004100,-0.020800,-0.024300,-0.002500,0.000900,0.00000,0.021800
29/05/2020,0.006000,-0.007900,-0.019700,-0.003200,-0.003800,0.00000,0.023100
01/06/2020,0.005200,0.002600,0.004300,-0.000100,-0.001400,0.00000,-0.020200
02/06/2020,0.008100,0.000600,0.005400,0.001400,0.002600,0.00000,-0.013200
03/06/2020,0.014200,0.007700,0.026300,0.007400,0.001600,0.00000,-0.048400
04/06/2020,-0.003400,0.005100,0.028900,0.009900,0.006300,0.00000,-0.034200
05/06/2020,0.025000,0.010800,0.027600,0.007200,0.000400,0.00000,-0.050600
08/06/2020,0.013900,0.006800,0.020900,-0.004700,0.005600,0.00000,-0.049900
09/06/2020,-0.008500,-0.007900,-0.019300,-0.000400,-0.004600,0.00000,0.042300
10/06/2020,-0.005600,-0.018000,-0.041000,-0.003200,-0.005000,0.00000,0.059300
11/06/2020,-0.059100,-0.014700,-0.030400,-0.002100,-0.002200,0.00000,0.050800
12/06/2020,0.012900,0.008000,0.018300,0.001500,0.000900,0.00000,-0.038900
15/06/2020,0.010900,0.014400,-0.003900,-0.007700,-0.002300,0.00000,0.007100
16/06/2020,0.018700,0.006100,0.004900,0.006400,0.001200,0.00000,-0.008900
17/06/2020,-0.004000,-0.013200,-0.019800,-0.005500,-0.002300,0.00000,0.028500
18/06/2020,0.001900,0.000100,-0.005300,-0.004000,-0.002600,0.00000,-0.000800
19/06/2020,-0.004500,-0.001300,-0.006500,-0.007300,-0.001900,0.00000,0.011300
22/06/2020,0.007100,0.004700,-0.013600,-0.003800,-0.005100,0.00000,0.014300
23/06/2020,0.004200,0.002200,-0.006000,0.005800,-0.000900,0.00000,0.002900
24/06/2020,-0.026100,-0.007000,-0.013600,-0.000800,0.002700,0.00000,0.029700
25/06/2020,0.011200,0.003400,0.005100,-0.008100,0.001500,0.00000,-0.005000
26/06/2020,-0.024400,-0.002000,-0.014000,0.000000,0.006300,0.00000,0.012900
29/06/2020,0.015100,0.014800,0.018400,0.014800,0.003600,0.00000,-0.026300
30/06/2020,0.015800,0.000000,0.000100,-0.003900,-0.003100,0.00000,0.011900
01/07/2020,0.004100,-0.017100,-0.025800,-0.004200,-0.012200,0.00001,0.020200
02/07/2020,0.005000,0.000100,-0.001300,0.004100,0.001500,0.00001,0.002100
06/07/2020,0.016500,-0.006700,0.003400,0.002600,0.000200,0.00001,-0.000800
07/07/2020,-0.010300,-0.009700,-0.015000,-0.011200,-0.000700,0.00001,0.026600
08/07/2020,0.009100,0.000700,-0.004700,-0.004300,-0.002600,0.00001,0.007400
09/07/2020,-0.005300,-0.015700,-0.026000,-0.003300,-0.005500,0.00001,0.029900
10/07/2020,0.011100,0.006700,0.030700,0.008700,0.001800,0.00001,-0.027700
13/07/2020,-0.012000,-0.002800,0.020400,0.010900,0.010900,0.00001,-0.013300
14/07/2020,0.013500,0.003800,-0.002900,-0.000300,0.005100,0.00001,0.007400
15/07/2020,0.011400,0.027000,0.012500,0.001900,0.000800,0.00001,-0.034500
16/07/2020,-0.003700,-0.001500,0.008000,0.002700,0.003300,0.00001,0.004100
17/07/2020,0.003000,-0.001500,-0.014200,-0.011100,0.000300,0.00001,0.018100
20/07/2020,0.010100,-0.011100,-0.023700,-0.008500,-0.012000,0.00001,0.030000
21/07/2020,0.001500,0.014600,0.032700,0.005400,0.008700,0.00001,-0.036700
22/07/2020,0.004900,-0.006400,-0.003700,0.004900,0.000000,0.00001,0.005700
23/07/2020,-0.012000,0.012200,0.019700,-0.001800,0.001000,0.00001,-0.018100
24/07/2020,-0.007500,-0.008100,0.004400,0.002800,0.000300,0.00001,-0.000100
27/07/2020,0.008800,0.002800,-0.019900,-0.002400,0.001000,0.00001,0.022200
28/07/2020,-0.008100,-0.004500,0.010000,0.002900,0.000600,0.00001,-0.008300
29/07/2020,0.013500,0.006200,0.008900,0.002300,0.001500,0.00001,-0.008000
30/07/2020,-0.002900,0.000100,-0.018400,-0.005300,-0.001400,0.00001,0.024700
31/07/2020,0.006100,-0.018400,-0.006600,0.007800,0.007100,0.00001,0.011300
03/08/2020,0.009800,0.010800,-0.008400,-0.002500,0.004000,0.00000,0.017800
04/08/2020,0.003700,0.004400,0.000400,0.001000,0.001000,0.00000,-0.009200
05/08/2020,0.007800,0.012400,0.008300,0.001700,-0.001100,0.00000,-0.012800
06/08/2020,0.005300,-0.005800,-0.008300,0.006000,0.000600,0.00000,0.004000
07/08/2020,0.000200,0.015800,0.024000,0.005400,0.001400,0.00000,-0.020800
10/08/2020,0.002400,0.013300,0.017300,0.008300,0.012800,0.00000,-0.027800
11/08/2020,-0.008300,0.001900,0.016400,0.009200,0.000300,0.00000,-0.021900
12/08/2020,0.014000,-0.008500,-0.013400,0.009200,-0.001600,0.00000,0.018900
13/08/2020,-0.000100,-0.001400,-0.013300,-0.006300,-0.005000,0.00000,0.015600
14/08/2020,-0.000400,0.000600,0.010800,0.004400,0.002000,0.00000,-0.012000
17/08/2020,0.004500,0.000400,-0.019300,-0.008100,-0.004600,0.00000,0.023300
18/08/2020,0.002200,-0.013200,-0.014200,0.000200,-0.005400,0.00000,0.017100
19/08/2020,-0.003800,0.004800,0.001000,-0.000300,-0.001100,0.00000,0.000400
20/08/2020,0.003100,-0.009600,-0.015400,0.000800,-0.004500,0.00000,0.014000
21/08/2020,0.002600,-0.012500,-0.004300,0.006000,0.007200,0.00000,0.008100
24/08/2020,0.009200,0.002000,0.026000,0.011400,0.005800,0.00000,-0.033100
25/08/2020,0.003600,-0.000100,-0.006500,-0.004700,-0.006900,0.00000,0.010600
26/08/2020,0.010000,-0.017300,-0.017400,-0.001300,-0.008500,0.00000,0.022500
27/08/2020,0.001800,-0.000100,0.009500,0.005900,-0.005300,0.00000,-0.021500
28/08/2020,0.007000,0.003700,-0.002300,0.001300,-0.000800,0.00000,-0.009100
31/08/2020,-0.000400,-0.009300,-0.017600,-0.007100,-0.001100,0.00000,0.018000
01/09/2020,0.009200,0.001900,-0.003000,0.006000,0.001300,0.00000,0.013100
02/09/2020,0.012700,-0.002600,-0.004500,0.007600,-0.004000,0.00000,-0.002800
03/09/2020,-0.037000,0.004400,0.026000,-0.000900,-0.001500,0.00000,-0.035700
04/09/2020,-0.008700,0.003500,0.020600,0.008000,0.008700,0.00000,-0.022800
08/09/2020,-0.029100,0.009200,-0.002800,-0.007200,-0.006100,0.00000,-0.001100
09/09/2020,0.020700,-0.006100,-0.020000,-0.001700,-0.002000,0.00000,0.030300
10/09/2020,-0.016400,0.003800,-0.000700,-0.003900,-0.003600,0.00000,0.003700
11/09/2020,-0.000600,-0.006200,0.008900,0.002300,0.004700,0.00000,-0.004400
14/09/2020,0.015900,0.010300,-0.008000,-0.008200,0.000000,0.00000,-0.000600
15/09/2020,0.005700,-0.006300,-0.014300,0.001200,-0.003500,0.00000,0.011400
16/09/2020,-0.003900,0.012200,0.013100,-0.009400,0.002700,0.00000,-0.025100
17/09/2020,-0.008500,0.004700,0.002000,0.000700,0.006400,0.00000,-0.004800
18/09/2020,-0.008800,0.007800,-0.002100,-0.011200,-0.004700,0.00000,0.009500
21/09/2020,-0.010800,-0.026900,-0.018800,-0.004900,-0.002800,0.00000,0.029400
22/09/2020,0.010200,-0.004700,-0.016300,0.005800,-0.005000,0.00000,0.019100
23/09/2020,-0.024800,-0.006500,0.001600,0.002000,-0.001800,0.00000,0.002800
24/09/2020,0.002500,-0.001900,0.003800,0.005200,0.001100,0.00000,-0.000400
25/09/2020,0.017200,-0.001600,-0.013400,-0.005100,-0.006300,0.00000,0.007200
28/09/2020,0.016600,0.008800,0.010500,0.004000,0.001800,0.00000,-0.008600
29/09/2020,-0.004200,0.004100,-0.013300,-0.007900,-0.005900,0.00000,0.016500
30/09/2020,0.007900,-0.006900,0.001500,0.003400,0.001200,0.00000,0.001700
01/10/2020,0.007900,0.007900,-0.005400,-0.000200,-0.005800,0.00000,0.011300
02/10/2020,-0.009600,0.016800,0.024400,0.005700,0.003400,0.00000,-0.027100
05/10/2020,0.019300,0.008800,-0.001100,-0.004700,0.001200,0.00000,0.006400
06/10/2020,-0.012800,0.008400,0.002600,-0.005100,-0.000500,0.00000,-0.000800
07/10/2020,0.018400,0.004900,0.002200,-0.002800,0.001300,0.00000,0.001300
08/10/2020,0.008000,0.002800,0.009900,0.002200,0.002500,0.00000,-0.019100
09/10/2020,0.009300,-0.003300,-0.014100,-0.001800,-0.002900,0.00000,0.020100
12/10/2020,0.015300,-0.010100,-0.000900,0.007900,0.003400,0.00000,0.003400
13/10/2020,-0.004100,-0.001800,-0.017200,-0.008800,-0.009800,0.00000,0.023300
14/10/2020,-0.006500,0.000000,0.000300,0.003600,0.006700,0.00000,-0.003700
15/10/2020,-0.000800,0.011700,0.011400,0.001700,0.001900,0.00000,-0.009700
16/10/2020,-0.000600,-0.001300,0.000600,-0.000400,-0.001200,0.00000,0.000600
19/10/2020,-0.015300,0.003500,0.003000,-0.003400,-0.002400,0.00000,-0.003200
20/10/2020,0.003400,-0.000900,0.012600,0.005400,0.001600,0.00000,-0.011700
21/10/2020,-0.003600,-0.004700,0.004100,0.005300,-0.000100,0.00000,-0.004900
22/10/2020,0.006700,0.009500,0.010300,-0.005800,-0.000900,0.00000,-0.027700
23/10/2020,0.003800,0.003800,0.000400,-0.001500,-0.003500,0.00000,0.001000
26/10/2020,-0.018500,-0.004800,-0.003900,-0.001400,-0.000200,0.00000,0.010700
27/10/2020,-0.002300,-0.006200,-0.023300,-0.004100,-0.007300,0.00000,0.027300
28/10/2020,-0.034100,0.001800,0.005800,-0.004600,0.000000,0.00000,0.001800
29/10/2020,0.011300,0.001600,0.002700,0.003200,0.006000,0.00000,-0.011300
30/10/2020,-0.014500,-0.002400,0.018600,0.002500,-0.000800,0.00000,-0.023300
02/11/2020,0.011700,0.008700,0.009900,0.004200,0.003900,0.00000,-0.013800
03/11/2020,0.019300,0.010000,-0.002000,-0.001800,0.000200,0.00000,0.001800
04/11/2020,0.022500,-0.025600,-0.050000,-0.007200,-0.017100,0.00000,0.049100
05/11/2020,0.021300,0.010400,0.005200,0.003600,0.005500,0.00000,-0.001400
06/11/2020,0.000100,-0.010900,-0.009300,-0.002300,-0.001100,0.00000,0.010200
09/11/2020,0.008600,0.028200,0.067400,0.007900,0.008300,0.00000,-0.143700
10/11/2020,-0.001700,0.020900,0.021600,0.003200,0.012800,0.00000,-0.019000
11/11/2020,0.008800,-0.010900,-0.017500,-0.006400,-0.001800,0.00000,0.033100
12/11/2020,-0.009400,-0.005600,-0.011800,-0.006700,-0.002300,0.00000,0.018700
13/11/2020,0.013100,0.009300,0.011400,0.005900,0.004300,0.00000,-0.021300
16/11/2020,0.012200,0.012500,0.020000,0.007100,0.008600,0.00000,-0.033100
17/11/2020,-0.001900,0.006000,0.000000,-0.004200,-0.004200,0.00000,-0.002500
18/11/2020,-0.009300,-0.000500,0.000200,0.000700,-0.004000,0.00000,0.002700
19/11/2020,0.005900,0.002800,-0.007600,-0.006600,-0.001900,0.00000,0.003800
20/11/2020,-0.005100,0.006000,-0.006100,-0.007400,-0.001000,0.00000,0.006900
23/11/2020,0.008300,0.014000,0.015700,0.003400,0.000500,0.00000,-0.027200
24/11/2020,0.015600,0.005100,0.027600,0.005300,0.005200,0.00000,-0.038600
25/11/2020,0.000300,-0.002700,-0.013300,-0.003900,-0.005300,0.00000,0.015500
27/11/2020,0.004300,0.001500,-0.016200,-0.007700,-0.003100,0.00000,0.017900
30/11/2020,-0.005300,-0.015500,-0.020700,-0.005000,0.004800,0.00000,0.030400
01/12/2020,0.009800,-0.000800,0.005400,0.010600,0.004900,0.00000,-0.008300
02/12/2020,0.001100,0.002100,0.010700,0.003800,0.006000,0.00000,-0.022100
03/12/2020,0.001800,0.005500,-0.000900,-0.002900,0.001900,0.00000,-0.005600
04/12/2020,0.010200,0.015900,0.008400,-0.003200,0.005900,0.00000,-0.018300
07/12/2020,0.000300,-0.000600,-0.010200,-0.005600,-0.004900,0.00000,0.015200
08/12/2020,0.004700,0.008900,-0.007100,-0.007100,0.000000,0.00000,0.001100
09/12/2020,-0.010300,0.003100,0.012800,0.008500,0.002800,0.00000,-0.013800
10/12/2020,0.002400,0.009300,-0.004700,-0.015200,-0.002700,0.00000,-0.001700
11/12/2020,-0.002000,-0.005800,-0.007100,-0.005700,-0.005500,0.00000,0.006500
14/12/2020,-0.002800,0.002200,-0.015200,-0.004000,-0.008000,0.00000,0.011000
15/12/2020,0.012800,0.011400,0.003600,0.004400,0.005500,0.00000,-0.003300
16/12/2020,0.001700,-0.005800,-0.003800,0.000300,-0.002000,0.00000,0.006100
17/12/2020,0.007900,0.005000,-0.007100,-0.005900,-0.002100,0.00000,0.012000
18/12/2020,-0.001200,-0.001900,-0.011700,-0.004000,-0.007500,0.00000,0.010900
21/12/2020,-0.002300,0.002300,-0.000500,-0.010200,0.003200,0.00000,0.011300
22/12/2020,0.000600,0.008400,-0.016100,-0.008400,-0.000700,0.00000,0.018600
23/12/2020,0.001000,0.008700,0.020300,0.002900,0.004100,0.00000,-0.022100
24/12/2020,0.002100,-0.004400,-0.001900,0.002500,-0.000800,0.00000,0.002000
28/12/2020,0.004600,-0.006800,0.003600,0.013900,0.004600,0.00000,-0.004700
29/12/2020,-0.004000,-0.014200,0.002400,0.007800,-0.002900,0.00000,-0.004100
30/12/2020,0.002700,0.010600,0.000300,-0.006500,-0.000500,0.00000,-0.002700
31/12/2020,0.003900,-0.007100,0.004100,0.005600,-0.002400,0.00000,-0.005900
